Workbook

Sheet Product
A1: Product ID | B1: Product | C1: Price
A2: 101 | B2: Product A | C2: 120
A3: 102 | B3: Product B | C3: 150
A4: 103 | B4: Product C | C4: 200
A5: 104 | B5: Product D | C5: 90
A6: 105 | B6: Product E | C6: 220
A7: 106 | B7: Product F | C7: 130

Sheet Order
A1: Order ID | B1: Product ID | C1: Quantity | D1: Total Price | F1: Product Name | G1: Summary | H1: IF Error | I1: After 10% Discount | J1: Max | K1: Product Ordered or Not | L1: Sales Summary | M1: Product Name
A2: 1 | B2: 101 | C2: 2 | D2: =VLOOKUP(B2,Product!$A$2:$C$7,3,FALSE)*C2 -> 240 | F2: {=VLOOKUP(B2:B7,Product!$A$2:$C$7,2,FALSE)} -> Product A | G2: =SUMIF($B$2:$B$7,Product!#REF!,Order!$C$2:$C$7) -> 0 | H2: {=IFERROR(VLOOKUP(B2:B7,Product!A2:$C$6,1,FALSE),"NOT FOUND")} -> 101 | I2: =VLOOKUP(B2,Product!$A$2:$C$7,3,FALSE)*(1-10%) -> 108 | J2: =MAX(D2:D7) -> 880 | K2: =IF(COUNTIF(A2:$D$7,A2)=0,"NOT ORDERD","ORDERD") -> ORDERD | L2: =SUMIF($B$2:$B$7,Product!A2,Order!$C$2:$C$7) -> 2 | M2: Product A
A3: 2 | B3: 103 | C3: 1 | D3: =VLOOKUP(B3,Product!$A$2:$C$7,3,FALSE)*C3 -> 200 | F3: Product C | G3: =SUMIF($B$2:$B$7,Product!#REF!,Order!$C$2:$C$7) -> 0 | H3: 103 | I3: =VLOOKUP(B3,Product!$A$2:$C$7,3,FALSE)*(1-10%) -> 180 | K3: =IF(COUNTIF(A3:$D$7,A3)=0,"NOT ORDERD","ORDERD") -> ORDERD | L3: =SUMIF($B$2:$B$7,Product!A3,Order!$C$2:$C$7) -> 5 | M3: Product B
A4: 3 | B4: 105 | C4: 4 | D4: =VLOOKUP(B4,Product!$A$2:$C$7,3,FALSE)*C4 -> 880 | F4: Product E | G4: =SUMIF($B$2:$B$7,Product!#REF!,Order!$C$2:$C$7) -> 0 | H4: 105 | I4: =VLOOKUP(B4,Product!$A$2:$C$7,3,FALSE)*(1-10%) -> 198 | K4: =IF(COUNTIF(A4:$D$7,A4)=0,"NOT ORDERD","ORDERD") -> ORDERD | L4: =SUMIF($B$2:$B$7,Product!A4,Order!$C$2:$C$7) -> 1 | M4: Product C
A5: 4 | B5: 106 | C5: 3 | D5: =VLOOKUP(B5,Product!$A$2:$C$7,3,FALSE)*C5 -> 390 | F5: Product F | G5: =SUMIF($B$2:$B$7,Product!#REF!,Order!$C$2:$C$7) -> 0 | H5: NOT FOUND | I5: =VLOOKUP(B5,Product!$A$2:$C$7,3,FALSE)*(1-10%) -> 117 | K5: =IF(COUNTIF(A5:$D$7,A5)=0,"NOT ORDERD","ORDERD") -> ORDERD | L5: =SUMIF($B$2:$B$7,Product!A5,Order!$C$2:$C$7) -> 6 | M5: Product D
A6: 5 | B6: 102 | C6: 5 | D6: =VLOOKUP(B6,Product!$A$2:$C$7,3,FALSE)*C6 -> 750 | F6: Product B | G6: =SUMIF($B$2:$B$7,Product!#REF!,Order!$C$2:$C$7) -> 0 | H6: 102 | I6: =VLOOKUP(B6,Product!$A$2:$C$7,3,FALSE)*(1-10%) -> 135 | K6: =IF(COUNTIF(A6:$D$7,A6)=0,"NOT ORDERD","ORDERD") -> ORDERD | L6: =SUMIF($B$2:$B$7,Product!A6,Order!$C$2:$C$7) -> 4 | M6: Product E
A7: 6 | B7: 104 | C7: 6 | D7: =VLOOKUP(B7,Product!$A$2:$C$7,3,FALSE)*C7 -> 540 | F7: Product D | G7: =SUMIF($B$2:$B$7,Product!#REF!,Order!$C$2:$C$7) -> 0 | H7: 104 | I7: =VLOOKUP(B7,Product!$A$2:$C$7,3,FALSE)*(1-10%) -> 81 | K7: =IF(COUNTIF(A7:$D$7,A7)=0,"NOT ORDERD","ORDERD") -> ORDERD | L7: =SUMIF($B$2:$B$7,Product!A7,Order!$C$2:$C$7) -> 3 | M7: Product F
